<?xml version="1.0" encoding="UTF-8" ?>
<extension version="2.5" type="plugin" group="vmpayment" method="upgrade">
    <name>VM - Payment, Paylike Version 2</name>
    <creationDate>April 2020</creationDate>
    <author>Patrick Kohl</author>
    <authorUrl>http://shop.st42.fr</authorUrl>
    <copyright>Copyright (C) 2018 STUDIO42 France. All rights reserved.</copyright>
    <license>http://www.gnu.org/licenses/gpl-2.0.html GNU/GPL</license>
    <version>2.2.0</version>
    <description>
        <![CDATA[<a href="https://paylike.io" target="_blank">Paylike</a> is a popular
  payment provider. ]]>
    </description>
    <!-- Include plugin files and folders -->
    <files>
        <filename plugin="paylike">paylike.php</filename>
        <folder>assets</folder>
        <folder>images</folder>
        <folder>language</folder>
        <folder>lib</folder>
        <folder>tmpl</folder>
    </files>
    <!-- Admin Settings Fields -->
    <vmconfig>
        <fields name="params">
            <fieldset name="payment"  addfieldpath="/administrator/components/com_virtuemart/fields">
                <field name="checkConditionsCore" value="1" default="1" type="hidden"/>
                <field type="text" name="title" default="Credit Card (Paylike)" label="VMPAYMENT_PAYLIKE_TITLE"/>
                <field name="active" type="list" default="1" label="VMPAYMENT_PAYLIKE_ACTIVE">
                    <option value="1">Yes</option>
                    <option value="0">No</option>
                </field>
                <field type="textarea" name="description" label="VMPAYMENT_PAYLIKE_DESCRIPTION"
                       default="Secure payment with credit card via © Paylike" rows="5" cols="10"/>
                <field name="test_mode" type="list" label="VMPAYMENT_TEST_MODE" default=""
                       description="VMPAYMENT_TEST_MODE_DESCRIPTION">
                    <option value="1">Test</option>
                    <option value="0">Live</option>
                </field>
                <field type="text" name="live_api_key" label="VMPAYMENT_PAYLIKE_LIVE_MODE_API_KEY" default=""
                       description="VMPAYMENT_PAYLIKE_MODE_DESCRIPTION"/>
                <field type="text" name="live_public_key" label="VMPAYMENT_PAYLIKE_LIVE_MODE_PUBLIC_KEY" default=""
                       description="VMPAYMENT_PAYLIKE_MODE_DESCRIPTION"/>
                <field type="text" name="test_api_key" label="VMPAYMENT_PAYLIKE_TEST_MODE_API_KEY" default=""
                       description="VMPAYMENT_PAYLIKE_MODE_DESCRIPTION"/>
                <field type="text" name="test_public_key" label="VMPAYMENT_PAYLIKE_TEST_MODE_PUBLIC_KEY" default=""
                       description="VMPAYMENT_PAYLIKE_MODE_DESCRIPTION"/>
                <field type="text" name="popup_title" default="" label="VMPAYMENT_PAYLIKE_POPUP_TITLE"
                       description="VMPAYMENT_PAYLIKE_POPUP_TITLE_DESCRIPTION"/>
                <field type="list" name="checkout_mode" label="VMPAYMENT_PAYLIKE_CHECKOUT_MODE" default=""
                       description="VMPAYMENT_PAYLIKE_CHECKOUT_MODE_DESCRIPTION">
                    <option value="before">Payment before order created</option>
                    <option value="after">Redirect to payment page after order created</option>
                </field>
                <field type="list" name="capture_mode" label="VMPAYMENT_PAYLIKE_CAPTURE_MODE" default=""
                       description="VMPAYMENT_PAYLIKE_CAPTURE_MODE_DESCRIPTION">
                    <option value="instant">Instant</option>
                    <option value="delayed">Delayed</option>
                </field>
                <field type="vmacceptedcurrency" name="payment_currency" label="VMPAYMENT_PAYLIKE_CURRENCY" default=""
                       description="VMPAYMENT_PAYLIKE_CURRENCY_DESCRIPTION"/>
                <field name="email_currency" type="list" default="vendor" label="VMPAYMENT_PAYLIKE_EMAIL_CURRENCY"
                       description="VMPAYMENT_PAYLIKE_EMAIL_CURRENCY_DESCRIPTION">
                    <option value="vendor">VMPAYMENT_PAYLIKE_EMAIL_CURRENCY_VENDOR</option>
                    <option value="payment">VMPAYMENT_PAYLIKE_EMAIL_CURRENCY_PAYMENT</option>
                </field>
                <!-- <field name="status_pending" type="vmorderstate" scope="com_virtuemart" default="U"
                       label="VMPAYMENT_PAYLIKE_STATUS_PENDING" description="VMPAYMENT_PAYLIKE_STATUS_PENDING_TIP"/> -->
                <field name="status_success" type="vmorderstate" scope="com_virtuemart" default="C"
                       label="VMPAYMENT_PAYLIKE_STATUS_SUCCESS" description="VMPAYMENT_PAYLIKE_STATUS_SUCCESS_TIP"/>
                <!-- <field name="status_ipn_success_updateable" type="vmorderstate" scope="com_virtuemart" default=""  multiple="true"
                       label="VMPAYMENT_PAYLIKE_STATUS_UPDATEABLE" description="VMPAYMENT_PAYLIKE_STATUS_UPDATEABLE_TIP"/>
                <field name="status_canceled" type="vmorderstate" scope="com_virtuemart" default="X"
                       label="VMPAYMENT_PAYLIKE_STATUS_CANCEL" description="VMPAYMENT_PAYLIKE_STATUS_CANCEL_TIP"/> -->
                <field class="Authorization" name="status_capture" type="vmorderstate" scope="com_virtuemart"
                       default="S"
                       label="VMPAYMENT_PAYLIKE_STATUS_CAPTURE" description="VMPAYMENT_PAYLIKE_STATUS_CAPTURE_TIP"/>
                <field name="status_refunded" type="vmorderstate" scope="com_virtuemart" default="R"
                       label="VMPAYMENT_PAYLIKE_STATUS_REFUND" description="VMPAYMENT_PAYLIKE_STATUS_REFUND_TIP"/>
                <!-- <field name="status_partial_refunded" type="vmorderstate" scope="com_virtuemart" default="R"
                       label="VMPAYMENT_PAYLIKE_STATUS_PARTIAL_REFUND"
                       description="VMPAYMENT_PAYLIKE_STATUS_PARTIAL_REFUND_TIP"/> -->
                <field name="status_denied" type="vmorderstate" scope="com_virtuemart" default="D"
                       label="COM_VIRTUEMART_ORDER_STATUS_DENIED" description="COM_VIRTUEMART_ORDER_STATUS_DENIED_TIP"/>
                <field type="list" name="card" label="VMPAYMENT_PAYLIKE_CARD" default="" multiple="multiple">
                    <option value="mastercard">MasterCard</option>
                    <option value="maestro">Maestro</option>
                    <option value="visa">Visa</option>
                    <option value="visaelectron">Visa Electron</option>
                </field>
                <field name="mastercard" type="filelist" hide_none="true" hide_default="true" directory='plugins/vmpayment/paylike/images/' label="VMPAYMENT_PAYLIKE_MASTERCARD_LOGO" description=""
                       default="mastercard.svg"/>
                <field name="maestro" type="filelist" hide_none="true" hide_default="true" directory='plugins/vmpayment/paylike/images/' label="VMPAYMENT_PAYLIKE_MAESTRO_LOGO" description=""
                       default="maestro.svg"/>
                <field name="visa" type="filelist" hide_none="true" hide_default="true" directory='plugins/vmpayment/paylike/images/' label="VMPAYMENT_PAYLIKE_VISA_LOGO" description=""
                       default="visa.svg"/>
                <field name="visaelectron" type="filelist" hide_none="true" hide_default="true" directory='plugins/vmpayment/paylike/images/' label="VMPAYMENT_PAYLIKE_VISAELECTRON_LOGO" description=""
                       default="visaelectron.svg"/>
            </fieldset>
            <fieldset name="fee">
                <field name="cost_per_transaction" type="text" label="VMPAYMENT_PAYLIKE_COST_PER_TRANSACTION"
                       description="VMPAYMENT_PAYLIKE_COST_PER_TRANSACTION_TIP"/>
                <field name="cost_min_transaction" type="text" label="VMPAYMENT_PAYLIKE_COST_MIN_TRANSACTION"
                       description="VMPAYMENT_PAYLIKE_COST_MIN_TRANSACTION_TIP"/>
                <field name="cost_percent_total" type="text" label="VMPAYMENT_PAYLIKE_COST_PERCENT_TOTAL"
                       description="VMPAYMENT_PAYLIKE_COST_PERCENT_TOTAL_TIP"/>
                <field name="tax_id" type="vmtaxes" scope="com_virtuemart" label="VMPAYMENT_PAYLIKE_TAX"
                       description="VMPAYMENT_PAYLIKE_TAX_TIP"/>
            </fieldset>
            <fieldset name="option">
                <field name="min_amount" type="text" label="VMPAYMENT_PAYLIKE_MIN_AMOUNT"
                       description="VMPAYMENT_PAYLIKE_MIN_AMOUNT_TIP"/>
                <field name="max_amount" type="text" label="VMPAYMENT_PAYLIKE_MAX_AMOUNT"
                       description="VMPAYMENT_PAYLIKE_MAX_AMOUNT_TIP"/>
            </fieldset>
        </fields>
    </vmconfig>
</extension>